{"format":"flat","params":{"W":{"shape":[23,23],"data":[-5.056245805348308,-2.8590212280120886,-2.6583505325499375,-2.976804263668472,-2.976804263668472,-2.348195604246098,-3.264486336120253,-3.1103356562929947,-3.1103356562929947,-3.1103356562929947,-3.1103356562929947,-3.6699514442284173,-2.6583505325499375,-3.4468078929142076,-3.1103356562929947,-3.6699514442284173,-3.4468078929142076,-2.7536607123542622,-3.1103356562929947,-3.4468078929142076,-3.6699514442284173,-3.264486336120253,-3.9576335166801986,-1.5210269550900473,-4.085976312551584,-4.085976312551584,-4.77912349311153,-3.392829131991639,-4.77912349311153,-4.085976312551584,-3.392829131991639,-3.6805112044434196,-4.085976312551584,-3.6805112044434196,-2.987364023883474,-3.392829131991639,-1.5210269550900473,-4.77912349311153,-4.085976312551584,-2.987364023883474,-3.392829131991639,-2.833213344056216,-4.77912349311153,-4.085976312551584,-2.987364023883474,-3.392829131991639,-3.6635616461296463,-2.277267285009756,-3.6635616461296463,-3.6635616461296463,-3.6635616461296463,-1.8718021769015913,-3.6635616461296463,-3.6635616461296463,-3.6635616461296463,-2.9704144655697013,-3.6635616461296463,-3.6635616461296463,-3.6635616461296463,-3.6635616461296463,-2.9704144655697013,-3.6635616461296463,-2.277267285009756,-3.6635616461296463,-3.6635616461296463,-2.277267285009756,-3.6635616461296463,-3.6635616461296463,-3.6635616461296463,-3.6635616461296463,-1.8718021769015913,-3.6635616461296463,-3.6635616461296463,-3.6635616461296463,-1.8718021769015913,-3.6635616461296463,-3.6635616461296463,-3.6635616461296463,-2.0541237336955462,-3.6635616461296463,-3.6635616461296463,-3.6635616461296463,-3.6635616461296463,-3.6635616461296463,-3.6635616461296463,-2.9704144655697013,-3.6635616461296463,-3.6635616461296463,-2.9704144655697013,-3.6635616461296463,-3.6635616461296463,-3.6635616461296463,-3.713572066704308,-1.7676619176489945,-3.713572066704308,-3.713572066704308,-3.713572066704308,-1.6341305250244718,-3.713572066704308,-3.713572066704308,-3.713572066704308,-2.327277705584417,-3.713572066704308,-3.713572066704308,-3.713572066704308,-3.713572066704308,-3.0204248861443626,-3.713572066704308,-3.713572066704308,-3.713572066704308,-3.713572066704308,-3.0204248861443626,-3.713572066704308,-3.713572066704308,-3.713572066704308,-1.8302257500558512,-4.663439094112067,-3.970291913552122,-3.5648268054439574,-3.5648268054439574,-4.663439094112067,-3.2771447329921766,-3.970291913552122,-3.5648268054439574,-4.663439094112067,-3.970291913552122,-2.2655438213136967,-2.2655438213136967,-2.717528945056754,-4.663439094112067,-3.5648268054439574,-1.890850371872286,-3.2771447329921766,-3.054001181677967,-4.663439094112067,-3.5648268054439574,-3.2771447329921766,-4.663439094112067,-2.456735772821304,-1.9459101490553135,-3.5553480614894135,-3.5553480614894135,-3.5553480614894135,-2.169053700369523,-3.5553480614894135,-3.5553480614894135,-3.5553480614894135,-3.5553480614894135,-3.5553480614894135,-3.5553480614894135,-3.5553480614894135,-2.8622008809294686,-3.5553480614894135,-3.5553480614894135,-3.5553480614894135,-3.5553480614894135,-3.5553480614894135,-2.456735772821304,-3.5553480614894135,-3.5553480614894135,-3.5553480614894135,-3.6375861597263857,-2.538973871058276,-3.6375861597263857,-2.9444389791664407,-2.9444389791664407,-2.538973871058276,-3.6375861597263857,-3.6375861597263857,-3.6375861597263857,-2.538973871058276,-3.6375861597263857,-3.6375861597263857,-2.9444389791664407,-3.6375861597263857,-2.538973871058276,-3.6375861597263857,-2.9444389791664407,-3.6375861597263857,-3.6375861597263857,-2.2512917986064953,-3.6375861597263857,-3.6375861597263857,-3.6375861597263857,-3.6375861597263857,-1.1526795099383855,-3.6375861597263857,-3.6375861597263857,-3.6375861597263857,-3.6375861597263857,-3.6375861597263857,-3.6375861597263857,-3.6375861597263857,-2.9444389791664407,-3.6375861597263857,-3.6375861597263857,-2.538973871058276,-3.6375861597263857,-3.6375861597263857,-3.6375861597263857,-2.9444389791664407,-3.6375861597263857,-3.6375861597263857,-3.6375861597263857,-3.6375861597263857,-3.6375861597263857,-3.6375861597263857,-2.05127066471314,-3.5553480614894135,-3.1498829533812494,-3.5553480614894135,-3.5553480614894135,-4.248495242049359,-3.5553480614894135,-3.5553480614894135,-3.5553480614894135,-4.248495242049359,-3.1498829533812494,-2.456735772821304,-3.1498829533812494,-1.6835458845878222,-4.248495242049359,-3.5553480614894135,-2.639057329615259,-2.8622008809294686,-4.248495242049359,-4.248495242049359,-4.248495242049359,-4.248495242049359,-3.1498829533812494,-1.8827312474337816,-1.3437347467010947,-3.828641396489095,-3.828641396489095,-3.828641396489095,-2.7300291078209855,-3.828641396489095,-3.828641396489095,-3.1354942159291497,-3.828641396489095,-3.828641396489095,-3.828641396489095,-3.828641396489095,-3.1354942159291497,-3.828641396489095,-3.828641396489095,-3.828641396489095,-3.828641396489095,-3.828641396489095,-2.7300291078209855,-3.828641396489095,-3.828641396489095,-3.828641396489095,-2.1316272948504063,-1.9980959022258835,-4.07753744390572,-3.3843902633457743,-3.3843902633457743,-2.691243082785829,-4.07753744390572,-4.07753744390572,-4.07753744390572,-1.5926307941177191,-2.691243082785829,-4.07753744390572,-3.3843902633457743,-4.07753744390572,-4.07753744390572,-3.3843902633457743,-4.07753744390572,-4.07753744390572,-3.3843902633457743,-3.3843902633457743,-4.07753744390572,-4.07753744390572,-4.07753744390572,-1.9459101490553135,-2.4159137783010487,-4.02535169073515,-4.02535169073515,-4.02535169073515,-1.6274564179367788,-4.02535169073515,-4.02535169073515,-4.02535169073515,-2.4159137783010487,-4.02535169073515,-3.332204510175204,-4.02535169073515,-4.02535169073515,-4.02535169073515,-4.02535169073515,-2.9267394020670396,-4.02535169073515,-4.02535169073515,-2.4159137783010487,-4.02535169073515,-4.02535169073515,-3.332204510175204,-0.8967461358011848,-2.538973871058276,-4.330733340286331,-2.9444389791664407,-3.2321210516182215,-2.3848231912310176,-4.330733340286331,-4.330733340286331,-4.330733340286331,-3.6375861597263857,-4.330733340286331,-4.330733340286331,-4.330733340286331,-4.330733340286331,-4.330733340286331,-4.330733340286331,-4.330733340286331,-3.6375861597263857,-3.6375861597263857,-2.7212954278522306,-4.330733340286331,-4.330733340286331,-4.330733340286331,-3.5553480614894135,-3.5553480614894135,-3.5553480614894135,-3.5553480614894135,-3.5553480614894135,-3.5553480614894135,-3.5553480614894135,-3.5553480614894135,-3.5553480614894135,-3.5553480614894135,-2.456735772821304,-2.456735772821304,-3.5553480614894135,-2.456735772821304,-3.5553480614894135,-3.5553480614894135,-2.169053700369523,-3.5553480614894135,-3.5553480614894135,-3.5553480614894135,-3.5553480614894135,-2.8622008809294686,-2.456735772821304,-2.0476928433652555,-3.4339872044851463,-3.4339872044851463,-3.4339872044851463,-3.4339872044851463,-2.0476928433652555,-3.4339872044851463,-3.4339872044851463,-3.4339872044851463,-2.740840023925201,-3.4339872044851463,-3.4339872044851463,-3.4339872044851463,-3.4339872044851463,-2.740840023925201,-3.4339872044851463,-3.4339872044851463,-3.4339872044851463,-3.4339872044851463,-3.4339872044851463,-3.4339872044851463,-3.4339872044851463,-3.4339872044851463,-1.9328380674879604,-1.497519996230115,-4.330733340286331,-3.6375861597263857,-3.6375861597263857,-2.3848231912310176,-4.330733340286331,-4.330733340286331,-3.2321210516182215,-2.2512917986064953,-2.538973871058276,-4.330733340286331,-4.330733340286331,-4.330733340286331,-4.330733340286331,-4.330733340286331,-4.330733340286331,-4.330733340286331,-3.6375861597263857,-3.2321210516182215,-3.6375861597263857,-3.6375861597263857,-4.330733340286331,-2.4423470353692043,-3.1354942159291497,-3.828641396489095,-3.828641396489095,-3.828641396489095,-1.5260563034950494,-3.828641396489095,-3.828641396489095,-3.828641396489095,-2.7300291078209855,-3.828641396489095,-3.1354942159291497,-3.1354942159291497,-3.828641396489095,-3.828641396489095,-3.828641396489095,